{
    "mse": 0.8894049569437421,
    "mae": 0.7498397668835419,
    "r2": 0.16902043657708798,
    "r2_cv_mean": 0.12542207150038318,
    "r2_cv_std": 0.07089950391043627
}